Model,RMSE,R2
Linear Regression,191546215409.94348,-4088656136430465.5
Random Forest,1702.7734038085587,0.6768924157087448
Gradient Boosting,2458.177766679416,0.3266203173607347
XGBoost,1958.9029444032312,0.5723787545967713
